timestamp,scenario,encryption,load_MBps,throughput_MBps,effective_throughput_MBps,latency_s,queue_delay_s,encryption_delay_s,packet_loss
0,Traditional,False,64.53863196684338,64.53863196684338,64.53863196684338,1.067635853112864,1.067435853112864,0.0,0.0
1,Traditional,False,119.4655646164266,119.4655646164266,119.4655646164266,21.586063116409118,21.58586311640912,0.0,0.0
2,Traditional,False,79.19961162741231,79.19961162741231,79.19961162741231,1.7294344986929109,1.729234498692911,0.0,0.0
3,Traditional,False,64.56995052279174,64.56995052279174,64.56995052279174,1.0687073251039598,1.0685073251039598,0.0,0.0
4,Traditional,False,103.11950944296944,103.11950944296944,103.11950944296944,4.71305180623318,4.7128518062331795,0.0,0.0
5,Traditional,False,96.38976371902774,96.38976371902774,96.38976371902774,3.3692656299519435,3.3690656299519435,0.0,0.0
6,Traditional,False,133.685633382505,116.878677271875,116.878677271875,999.000199999999,998.9999999999991,0.0,0.06497058182499997
7,Traditional,False,51.12252842053705,51.12252842053705,51.12252842053705,0.6921907696834132,0.6919907696834132,0.0,0.0
8,Traditional,False,121.98869565606543,121.98869565606543,121.98869565606543,40.510451280903446,40.51025128090345,0.0,0.0
9,Traditional,False,139.72029153555894,111.83057112376137,111.83057112376137,999.000199999999,998.9999999999991,0.0,0.10535543100990893
10,Traditional,False,121.9121522196406,121.9121522196406,121.9121522196406,39.4814700920935,39.4812700920935,0.0,0.0
11,Traditional,False,147.8117209252926,105.7088024020587,105.7088024020587,999.000199999999,998.9999999999991,0.0,0.15432958078353046
12,Traditional,False,117.11611070158511,117.11611070158511,117.11611070158511,14.85531861831092,14.85511861831092,0.0,0.0
13,Traditional,False,107.47730126286012,107.47730126286012,107.47730126286012,6.133804353709443,6.133604353709442,0.0,0.0
14,Traditional,False,82.07099343464002,82.07099343464002,82.07099343464002,1.9119841292154252,1.9117841292154252,0.0,0.0
15,Traditional,False,264.20449494980124,59.139796251266446,59.139796251266446,999.000199999999,998.9999999999991,0.0,0.5268816299898684
16,Traditional,False,262.97611671832215,59.41604201546631,59.41604201546631,999.000199999999,998.9999999999991,0.0,0.5246716638762695
17,Traditional,False,322.5465906312842,48.44261404040559,48.44261404040559,999.000199999999,998.9999999999991,0.0,0.6124590876767553
18,Traditional,False,207.56326319814173,75.27825376827035,75.27825376827035,999.000199999999,998.9999999999991,0.0,0.3977739698538373
19,Traditional,False,346.2931979688781,45.12072455262099,45.12072455262099,999.000199999999,998.9999999999991,0.0,0.6390342035790321
20,Traditional,False,262.3141106291014,59.56599117953264,59.56599117953264,999.000199999999,998.9999999999991,0.0,0.5234720705637389
21,Traditional,False,307.3345627942549,50.8403606087746,50.8403606087746,999.000199999999,998.9999999999991,0.0,0.5932771151298032
22,Traditional,False,305.1517962463861,51.204024332152514,51.204024332152514,999.000199999999,998.9999999999991,0.0,0.5903678053427799
23,Traditional,False,275.5422138623866,56.706374609458415,56.706374609458415,999.000199999999,998.9999999999991,0.0,0.5463490031243327
24,Traditional,False,318.62126808178516,49.03941313794942,49.03941313794942,999.000199999999,998.9999999999991,0.0,0.6076846948964046
25,Traditional,False,256.6694908540592,60.87595353856952,60.87595353856952,999.000199999999,998.9999999999991,0.0,0.5129923716914438
26,Traditional,False,262.66620745492423,59.486144606863384,59.486144606863384,999.000199999999,998.9999999999991,0.0,0.5241108431450929
27,Traditional,False,333.76359304935,46.81457272570079,46.81457272570079,999.000199999999,998.9999999999991,0.0,0.6254834181943937
28,Traditional,False,276.89901160210763,56.42851489283203,56.42851489283203,999.000199999999,998.9999999999991,0.0,0.5485718808573438
29,Traditional,False,260.31948053624365,60.02240004402809,60.02240004402809,999.000199999999,998.9999999999991,0.0,0.5198207996477753
30,Traditional,False,599.1760177203357,26.077478967612713,26.077478967612713,999.000199999999,998.9999999999991,0.0,0.7913801682590983
31,Traditional,False,512.5199256822353,30.486619577182196,30.486619577182196,999.000199999999,998.9999999999991,0.0,0.7561070433825424
32,Traditional,False,461.9071131420546,33.82714739704539,33.82714739704539,999.000199999999,998.9999999999991,0.0,0.7293828208236369
33,Traditional,False,570.1674861736524,27.404228369558748,27.404228369558748,999.000199999999,998.9999999999991,0.0,0.78076617304353
34,Traditional,False,576.0496292822893,27.12439902004185,27.12439902004185,999.000199999999,998.9999999999991,0.0,0.7830048078396652
35,Traditional,False,460.1528282723975,33.95610988345472,33.95610988345472,999.000199999999,998.9999999999991,0.0,0.7283511209323622
36,Traditional,False,446.6155126000941,34.98534994683637,34.98534994683637,999.000199999999,998.9999999999991,0.0,0.720117200425309
37,Traditional,False,405.5417699018609,38.5287069289587,38.5287069289587,999.000199999999,998.9999999999991,0.0,0.6917703445683304
38,Traditional,False,483.40974692913835,32.322476117326666,32.322476117326666,999.000199999999,998.9999999999991,0.0,0.7414201910613867
39,Traditional,False,433.2769287165409,36.06238635019085,36.06238635019085,999.000199999999,998.9999999999991,0.0,0.7115009091984732
40,Traditional,False,500.35988542165,31.227523339191972,31.227523339191972,999.000199999999,998.9999999999991,0.0,0.7501798132864642
41,Traditional,False,529.3967882117554,29.514723828944156,29.514723828944156,999.000199999999,998.9999999999991,0.0,0.7638822093684468
42,Traditional,False,443.668286330332,35.217752725211575,35.217752725211575,999.000199999999,998.9999999999991,0.0,0.7182579781983074
43,Traditional,False,517.2261541851742,30.209222549109597,30.209222549109597,999.000199999999,998.9999999999991,0.0,0.7583262196071232
44,Traditional,False,564.6340059362698,27.67279305838266,27.67279305838266,999.000199999999,998.9999999999991,0.0,0.7786176555329387
45,Traditional,False,642.7715387146462,24.30879256297719,24.30879256297719,999.000199999999,998.9999999999991,0.0,0.8055296594961825
46,Traditional,False,158.48252133077557,98.591313848348,98.591313848348,999.000199999999,998.9999999999991,0.0,0.21126948921321603
47,Traditional,False,445.8613623956123,35.044525760310115,35.044525760310115,999.000199999999,998.9999999999991,0.0,0.7196437939175191
48,Traditional,False,219.2621164558697,71.26174029768978,71.26174029768978,999.000199999999,998.9999999999991,0.0,0.4299060776184817
49,Traditional,False,163.76092925320083,95.41347909574468,95.41347909574468,999.000199999999,998.9999999999991,0.0,0.2366921672340426
50,Traditional,False,331.60424803869535,47.119420491189544,47.119420491189544,999.000199999999,998.9999999999991,0.0,0.6230446360704837
51,Traditional,False,446.41054201902466,35.001413562796444,35.001413562796444,999.000199999999,998.9999999999991,0.0,0.7199886914976285
52,Traditional,False,262.7872710336519,59.45873990981511,59.45873990981511,999.000199999999,998.9999999999991,0.0,0.5243300807214791
53,Traditional,False,606.0699688744468,25.780851720829723,25.780851720829723,999.000199999999,998.9999999999991,0.0,0.7937531862333622
54,Traditional,False,138.45942624267946,112.84894372315165,112.84894372315165,999.000199999999,998.9999999999991,0.0,0.09720845021478683
55,Traditional,False,139.4468107143311,112.04989142425903,112.04989142425903,999.000199999999,998.9999999999991,0.0,0.10360086860592775
56,Traditional,False,114.95994156774844,114.95994156774844,114.95994156774844,11.450326744129695,11.450126744129696,0.0,0.0
57,Traditional,False,556.0574456596701,28.099614746572673,28.099614746572673,999.000199999999,998.9999999999991,0.0,0.7752030820274186
58,Traditional,False,307.8446739284865,50.756116065304255,50.756116065304255,999.000199999999,998.9999999999991,0.0,0.593951071477566
59,Traditional,False,262.9065178167407,59.431771147231224,59.431771147231224,999.000199999999,998.9999999999991,0.0,0.5245458308221502
0,Traditional,True,136.52171475355408,114.4506573786148,113.76804880484704,999.000199999999,998.9999999999991,0.06826085737677703,0.08439474097108154
1,Traditional,True,103.0539369867801,103.0539369867801,102.5386673018462,4.695982424606288,4.695782424606287,0.05152696849339005,0.0
2,Traditional,True,140.50448099671377,111.2064176826179,110.50389527763433,999.000199999999,998.9999999999991,0.07025224049835689,0.11034865853905683
3,Traditional,True,77.39770846177478,77.39770846177478,77.01071991946591,1.6261240040917668,1.6259240040917669,0.03869885423088739,0.0
4,Traditional,True,120.57249542190394,120.57249542190394,119.96963294479441,27.23280773538337,27.23260773538337,0.06028624771095197,0.0
5,Traditional,True,109.56989980080182,109.56989980080182,109.0220503017978,7.1012491433163625,7.101049143316362,0.05478494990040091,0.0
6,Traditional,True,141.06817077329828,110.76205152691706,110.05671067305057,999.000199999999,998.9999999999991,0.07053408538664914,0.11390358778466346
7,Traditional,True,87.58311023842089,87.58311023842089,87.14519468722878,2.340937319336309,2.3407373193363092,0.04379155511921044,0.0
8,Traditional,True,92.08347862281218,92.08347862281218,91.62306122969812,2.797685115988863,2.797485115988863,0.046041739311406094,0.0
9,Traditional,True,62.339529697352845,62.339529697352845,62.02783204886608,0.9950781009184231,0.9948781009184231,0.031169764848676423,0.0
10,Traditional,True,117.49399983249133,117.49399983249133,116.90652983332888,15.653543619826873,15.653343619826874,0.058746999916245664,0.0
11,Traditional,True,131.60594837306368,118.72563659286719,118.06760685100187,999.000199999999,998.9999999999991,0.06580297418653185,0.050194907257062465
12,Traditional,True,74.09534609570699,74.09534609570699,73.72486936522846,1.4557711592699427,1.4555711592699427,0.037047673047853495,0.0
13,Traditional,True,104.00329615742315,104.00329615742315,103.48327967663603,4.953515384033117,4.953315384033116,0.052001648078711576,0.0
14,Traditional,True,76.95661077233473,76.95661077233473,76.57182771847306,1.602014776381765,1.601814776381765,0.038478305386167366,0.0
15,Traditional,True,270.55810265579805,57.75099635392553,56.39820584064654,999.000199999999,998.9999999999991,0.13527905132789902,0.5379920291685958
16,Traditional,True,256.9696401981906,60.804848339084145,59.520000138093195,999.000199999999,998.9999999999991,0.1284848200990953,0.5135612132873268
17,Traditional,True,248.78380218812092,62.80553582095737,61.561616810016766,999.000199999999,998.9999999999991,0.12439190109406047,0.49755571343234106
18,Traditional,True,209.86981075033822,74.45091766241477,73.40156860866307,999.000199999999,998.9999999999991,0.10493490537516911,0.40439265870068186
19,Traditional,True,268.65261442625535,58.1606102489244,56.81734717679312,999.000199999999,998.9999999999991,0.1343263072131277,0.5347151180086048
20,Traditional,True,254.87210734730547,61.30525683105978,60.03089629432325,999.000199999999,998.9999999999991,0.12743605367365274,0.5095579453515218
21,Traditional,True,314.56342919207987,49.67201699234722,48.09919984638682,999.000199999999,998.9999999999991,0.15728171459603993,0.6026238640612223
22,Traditional,True,204.5478106979836,76.38800897786402,75.3652699243741,999.000199999999,998.9999999999991,0.1022739053489918,0.3888959281770879
23,Traditional,True,248.58487276200455,62.85579579478029,61.612871430970266,999.000199999999,998.9999999999991,0.12429243638100228,0.49715363364175763
24,Traditional,True,348.7401296199006,44.80413543755353,43.06043478945403,999.000199999999,998.9999999999991,0.1743700648099503,0.6415669164995718
25,Traditional,True,307.6496067492372,50.788298301761905,49.25005026801572,999.000199999999,998.9999999999991,0.1538248033746186,0.5936936135859048
26,Traditional,True,264.43772310551174,59.08763627406352,57.76544765853596,999.000199999999,998.9999999999991,0.13221886155275586,0.5272989098074918
27,Traditional,True,334.73466334129984,46.67876294624601,45.00508962953951,999.000199999999,998.9999999999991,0.16736733167064993,0.6265698964300319
28,Traditional,True,219.3317346780512,71.23912106442485,70.1424623910346,999.000199999999,998.9999999999991,0.1096658673390256,0.43008703148460115
29,Traditional,True,328.25045309069765,47.6008482330494,45.95959596759591,999.000199999999,998.9999999999991,0.16412522654534883,0.6191932141356048
30,Traditional,True,594.3658260442714,26.28852352429187,23.31669439407051,999.000199999999,998.9999999999991,0.29718291302213573,0.7896918118056651
31,Traditional,True,576.6595568855763,27.095709788263143,24.21241200383526,999.000199999999,998.9999999999991,0.2883297784427882,0.7832343216938948
32,Traditional,True,405.82280978954367,38.50202507863713,36.47291102968941,999.000199999999,998.9999999999991,0.20291140489477183,0.6919837993709029
33,Traditional,True,473.1492617014668,33.023405645423125,30.657659336915792,999.000199999999,998.9999999999991,0.2365746308507334,0.735812754836615
34,Traditional,True,452.00856149253946,34.56792930736975,32.307886499907056,999.000199999999,998.9999999999991,0.22600428074626974,0.723456565541042
35,Traditional,True,588.6704367762005,26.54286511408467,23.599512930203666,999.000199999999,998.9999999999991,0.2943352183881003,0.7876570790873226
36,Traditional,True,476.4982897469063,32.791303423773606,30.408811975039075,999.000199999999,998.9999999999991,0.23824914487345317,0.7376695726098111
37,Traditional,True,506.1251306091465,30.871812235829008,28.341186582783276,999.000199999999,998.9999999999991,0.2530625653045733,0.7530255021133679
38,Traditional,True,534.0334330723958,29.25846778937867,26.588300624016693,999.000199999999,998.9999999999991,0.2670167165361979,0.7659322576849706
39,Traditional,True,585.9344901537179,26.66680364881889,23.737131198050303,999.000199999999,998.9999999999991,0.29296724507685895,0.7866655708094489
40,Traditional,True,588.1121314193089,26.568062730302323,23.62750207320578,999.000199999999,998.9999999999991,0.2940560657096544,0.7874554981575814
41,Traditional,True,414.2485391834038,37.71890187181133,35.64765917589431,999.000199999999,998.9999999999991,0.2071242695917019,0.6982487850255094
42,Traditional,True,482.29429642427226,32.397231557253896,29.985760075132536,999.000199999999,998.9999999999991,0.24114714821213615,0.7408221475419688
43,Traditional,True,568.1483517532733,27.501619870553426,24.66087811178706,999.000199999999,998.9999999999991,0.2840741758766367,0.7799870410355726
44,Traditional,True,409.2701533739756,38.17771677506732,36.13136600819744,999.000199999999,998.9999999999991,0.2046350766869878,0.6945782657994615
45,Traditional,True,535.3812660427768,29.184809015621344,26.50790268540746,999.000199999999,998.9999999999991,0.2676906330213884,0.7665215278750293
46,Traditional,True,409.4747570383195,38.158640383631216,36.11126659843962,999.000199999999,998.9999999999991,0.20473737851915977,0.6947308769309503
47,Traditional,True,121.76202002692659,121.76202002692659,121.15320992679196,37.604515356945655,37.604315356945655,0.0608810100134633,0.0
48,Traditional,True,101.69247813743807,101.69247813743807,101.18401574675089,4.363275522875868,4.363075522875867,0.05084623906871904,0.0
49,Traditional,True,475.17927975412016,32.882326030893225,30.506429632122625,999.000199999999,998.9999999999991,0.23758963987706008,0.7369413917528542
50,Traditional,True,513.5062322031407,30.4280630304382,27.860531869422495,999.000199999999,998.9999999999991,0.25675311610157037,0.7565754957564944
51,Traditional,True,247.8691315592789,63.0372967448882,61.79795108709181,999.000199999999,998.9999999999991,0.12393456577963946,0.49570162604089435
52,Traditional,True,359.3034602405062,43.48691768662936,41.69040038542683,999.000199999999,998.9999999999991,0.1796517301202531,0.6521046585069651
53,Traditional,True,642.1199108885703,24.33346129756046,21.12286174311761,999.000199999999,998.9999999999991,0.32105995544428517,0.8053323096195163
54,Traditional,True,308.02630965182703,50.726186401614484,49.18605485335535,999.000199999999,998.9999999999991,0.15401315482591352,0.5941905087870841
55,Traditional,True,389.56947313771457,40.108378806356036,38.16053144066746,999.000199999999,998.9999999999991,0.19478473656885728,0.6791329695491517
56,Traditional,True,144.73541716368868,107.9556082830016,107.23193119718316,999.000199999999,998.9999999999991,0.07236770858184434,0.1363551337359873
57,Traditional,True,683.3178766300725,22.86637088591624,19.449781502765877,999.000199999999,998.9999999999991,0.3416589383150363,0.8170690329126701
58,Traditional,True,566.9532660510263,27.55959077338438,24.724824443129247,999.000199999999,998.9999999999991,0.2834766330255131,0.779523273812925
59,Traditional,True,513.5989943179677,30.42256735870204,27.8545723871122,999.000199999999,998.9999999999991,0.25679949715898387,0.7566194611303837
0,Improved_SAN_FC,False,82.80398952250455,82.80398952250455,82.80398952250455,0.04339015326027173,0.04319015326027173,0.0,0.0
1,Improved_SAN_FC,False,111.76723353865754,111.76723353865754,111.76723353865754,0.0593914490225248,0.0591914490225248,0.0,0.0
2,Improved_SAN_FC,False,64.64878794625321,64.64878794625321,64.64878794625321,0.03360416330824498,0.03340416330824498,0.0,0.0
3,Improved_SAN_FC,False,107.75631998114328,107.75631998114328,107.75631998114328,0.05714632309728177,0.05694632309728177,0.0,0.0
4,Improved_SAN_FC,False,91.59075309690756,91.59075309690756,91.59075309690756,0.048193245288209646,0.04799324528820965,0.0,0.0
5,Improved_SAN_FC,False,55.33354409012603,55.33354409012603,55.33354409012603,0.028654002444463655,0.028454002444463656,0.0,0.0
6,Improved_SAN_FC,False,94.38864856004818,94.38864856004818,94.38864856004818,0.0497319512495161,0.0495319512495161,0.0,0.0
7,Improved_SAN_FC,False,61.67169985579479,61.67169985579479,61.67169985579479,0.03201695270672497,0.03181695270672497,0.0,0.0
8,Improved_SAN_FC,False,102.35010135836811,102.35010135836811,102.35010135836811,0.054135186586119995,0.053935186586119996,0.0,0.0
9,Improved_SAN_FC,False,139.3142348376179,139.3142348376179,139.3142348376179,0.07507252143591261,0.07487252143591261,0.0,0.0
10,Improved_SAN_FC,False,56.8872108278633,56.8872108278633,56.8872108278633,0.029476329786342507,0.02927632978634251,0.0,0.0
11,Improved_SAN_FC,False,88.90693512915087,88.90693512915087,88.90693512915087,0.046721510000434834,0.046521510000434835,0.0,0.0
12,Improved_SAN_FC,False,142.58131978695562,142.58131978695562,142.58131978695562,0.07696315593563519,0.07676315593563518,0.0,0.0
13,Improved_SAN_FC,False,70.6805701060211,70.6805701060211,70.6805701060211,0.03683497553119297,0.03663497553119297,0.0,0.0
14,Improved_SAN_FC,False,110.33314409401618,110.33314409401618,110.33314409401618,0.058587616710945555,0.058387616710945556,0.0,0.0
15,Improved_SAN_FC,False,312.37246744374755,312.37246744374755,312.37246744374755,0.18529562176352765,0.18509562176352765,0.0,0.0
16,Improved_SAN_FC,False,208.1900883937167,208.1900883937167,208.1900883937167,0.11638982964944251,0.11618982964944251,0.0,0.0
17,Improved_SAN_FC,False,233.62478339005617,233.62478339005617,233.62478339005617,0.1324622629626975,0.1322622629626975,0.0,0.0
18,Improved_SAN_FC,False,329.28767617366816,329.28767617366816,329.28767617366816,0.1972941804149265,0.1970941804149265,0.0,0.0
19,Improved_SAN_FC,False,219.95643932088086,219.95643932088086,219.95643932088086,0.12376800933397578,0.12356800933397577,0.0,0.0
20,Improved_SAN_FC,False,206.16552246157949,206.16552246157949,206.16552246157949,0.11513007021723042,0.11493007021723041,0.0,0.0
21,Improved_SAN_FC,False,291.7780390615702,291.7780390615702,291.7780390615702,0.171008036504389,0.170808036504389,0.0,0.0
22,Improved_SAN_FC,False,213.34831761167067,213.34831761167067,213.34831761167067,0.11961237327606834,0.11941237327606834,0.0,0.0
23,Improved_SAN_FC,False,315.6636914042782,315.6636914042782,315.6636914042782,0.18761132028879424,0.18741132028879423,0.0,0.0
24,Improved_SAN_FC,False,243.29669986945498,243.29669986945498,243.29669986945498,0.13869618193998667,0.13849618193998667,0.0,0.0
25,Improved_SAN_FC,False,260.433640961468,260.433640961468,260.433640961468,0.14991181732061726,0.14971181732061725,0.0,0.0
26,Improved_SAN_FC,False,221.34764283999908,221.34764283999908,221.34764283999908,0.12464682736846226,0.12444682736846226,0.0,0.0
27,Improved_SAN_FC,False,269.8603960987988,269.8603960987988,269.8603960987988,0.15617608163543842,0.1559760816354384,0.0,0.0
28,Improved_SAN_FC,False,255.6568510920343,255.6568510920343,255.6568510920343,0.1467633933621871,0.1465633933621871,0.0,0.0
29,Improved_SAN_FC,False,269.9524484340691,269.9524484340691,269.9524484340691,0.1562375887875018,0.1560375887875018,0.0,0.0
30,Improved_SAN_FC,False,433.60463669759565,433.60463669759565,433.60463669759565,0.2770168540689717,0.2768168540689717,0.0,0.0
31,Improved_SAN_FC,False,537.4461117952612,537.4461117952612,537.4461117952612,0.3676709808162813,0.3674709808162813,0.0,0.0
32,Improved_SAN_FC,False,548.5919245864447,548.5919245864447,548.5919245864447,0.3781722146234665,0.37797221462346653,0.0,0.0
33,Improved_SAN_FC,False,565.5850398736403,565.5850398736403,565.5850398736403,0.39449666839490927,0.3942966683949093,0.0,0.0
34,Improved_SAN_FC,False,502.7924726522333,502.7924726522333,502.7924726522333,0.33602016084497427,0.3358201608449743,0.0,0.0
35,Improved_SAN_FC,False,516.3658988463003,516.3658988463003,516.3658988463003,0.3482412713921614,0.3480412713921614,0.0,0.0
36,Improved_SAN_FC,False,570.1806157173633,570.1806157173633,570.1806157173633,0.3989780708424455,0.39877807084244554,0.0,0.0
37,Improved_SAN_FC,False,594.3472322696525,594.3472322696525,594.3472322696525,0.4230264945042733,0.42282649450427334,0.0,0.0
38,Improved_SAN_FC,False,543.4259003786801,543.4259003786801,543.4259003786801,0.3732849673353109,0.37308496733531094,0.0,0.0
39,Improved_SAN_FC,False,529.0785817678241,529.0785817678241,529.0785817678241,0.35989194221381055,0.35969194221381057,0.0,0.0
40,Improved_SAN_FC,False,430.8472277378232,430.8472277378232,430.8472277378232,0.27477315524267926,0.2745731552426793,0.0,0.0
41,Improved_SAN_FC,False,425.1827479950646,425.1827479950646,425.1827479950646,0.2701886272224633,0.2699886272224633,0.0,0.0
42,Improved_SAN_FC,False,555.8924882400228,555.8924882400228,555.8924882400228,0.3851384368637068,0.3849384368637068,0.0,0.0
43,Improved_SAN_FC,False,551.6972246991576,551.6972246991576,551.6972246991576,0.38112671926597574,0.38092671926597577,0.0,0.0
44,Improved_SAN_FC,False,466.3538275523042,466.3538275523042,466.3538275523042,0.30428176014158764,0.30408176014158766,0.0,0.0
45,Improved_SAN_FC,False,298.34848560205194,298.34848560205194,298.34848560205194,0.17552878093879815,0.17532878093879814,0.0,0.0
46,Improved_SAN_FC,False,210.26661052478028,210.26661052478028,210.26661052478028,0.11768487889943989,0.11748487889943988,0.0,0.0
47,Improved_SAN_FC,False,322.9091028372201,322.9091028372201,322.9091028372201,0.1927412053595317,0.1925412053595317,0.0,0.0
48,Improved_SAN_FC,False,444.49189627476306,444.49189627476306,444.49189627476306,0.2859535073010957,0.2857535073010957,0.0,0.0
49,Improved_SAN_FC,False,159.67000143353346,159.67000143353346,159.67000143353346,0.0869616142528292,0.08676161425282919,0.0,0.0
50,Improved_SAN_FC,False,584.6592943589061,584.6592943589061,584.6592943589061,0.41328731673486224,0.41308731673486226,0.0,0.0
51,Improved_SAN_FC,False,110.70044484916073,110.70044484916073,110.70044484916073,0.058793378983949714,0.058593378983949715,0.0,0.0
52,Improved_SAN_FC,False,627.1944365533284,627.1944365533284,627.1944365533284,0.45707055272317343,0.45687055272317345,0.0,0.0
53,Improved_SAN_FC,False,597.86447392094,597.86447392094,597.86447392094,0.42659563922384286,0.4263956392238429,0.0,0.0
54,Improved_SAN_FC,False,548.3463711308307,548.3463711308307,548.3463711308307,0.3779391246960127,0.37773912469601273,0.0,0.0
55,Improved_SAN_FC,False,106.23825204532417,106.23825204532417,106.23825204532417,0.05629905900785299,0.05609905900785299,0.0,0.0
56,Improved_SAN_FC,False,296.38691894393827,296.38691894393827,296.38691894393827,0.17417548905894137,0.17397548905894136,0.0,0.0
57,Improved_SAN_FC,False,558.7867385881489,558.7867385881489,558.7867385881489,0.38791967587971427,0.3877196758797143,0.0,0.0
58,Improved_SAN_FC,False,187.43437816478408,187.43437816478408,187.43437816478408,0.10360832679757409,0.10340832679757408,0.0,0.0
59,Improved_SAN_FC,False,439.34529046651295,439.34529046651295,439.34529046651295,0.2817134493124636,0.28151344931246364,0.0,0.0
0,Improved_SAN_FC,True,139.4583529256479,139.4583529256479,138.76106116101965,0.0751557813687977,0.0749557813687977,0.06972917646282395,0.0
1,Improved_SAN_FC,True,148.35823608324074,148.35823608324074,147.61644490282453,0.0803225371852815,0.08012253718528149,0.07417911804162038,0.0
2,Improved_SAN_FC,True,72.605871876297,72.605871876297,72.24284251691552,0.037870485147206506,0.03767048514720651,0.036302935938148505,0.0
3,Improved_SAN_FC,True,71.20503383465311,71.20503383465311,70.84900866547984,0.037116849682688885,0.036916849682688886,0.035602516917326556,0.0
4,Improved_SAN_FC,True,147.63149055087288,147.63149055087288,146.89333309811852,0.07989876933115041,0.0796987693311504,0.07381574527543644,0.0
5,Improved_SAN_FC,True,90.50578655652356,90.50578655652356,90.05325762374095,0.04759777995624842,0.04739777995624842,0.045252893278261784,0.0
6,Improved_SAN_FC,True,131.6811574071195,131.6811574071195,131.0227516200839,0.07068109477093881,0.0704810947709388,0.06584057870355976,0.0
7,Improved_SAN_FC,True,94.62706399804978,94.62706399804978,94.15392867805953,0.04986327704675287,0.04966327704675287,0.04731353199902489,0.0
8,Improved_SAN_FC,True,132.6304387693118,132.6304387693118,131.96728657546524,0.07122527615471136,0.07102527615471135,0.0663152193846559,0.0
9,Improved_SAN_FC,True,63.83656649061625,63.83656649061625,63.51738365816317,0.03317064978389225,0.032970649783892254,0.03191828324530813,0.0
10,Improved_SAN_FC,True,115.15097661428035,115.15097661428035,114.57522173120896,0.06129294441389092,0.06109294441389092,0.057575488307140175,0.0
11,Improved_SAN_FC,True,135.61000964970992,135.61000964970992,134.9319596014614,0.07293693291189088,0.07273693291189087,0.06780500482485496,0.0
12,Improved_SAN_FC,True,139.73313811793892,139.73313811793892,139.03447242734921,0.07531456607713193,0.07511456607713192,0.06986656905896946,0.0
13,Improved_SAN_FC,True,67.37985181312267,67.37985181312267,67.04295255405705,0.0350645086186938,0.0348645086186938,0.033689925906561335,0.0
14,Improved_SAN_FC,True,65.77653231718432,65.77653231718432,65.4476496555984,0.03420668713630286,0.03400668713630286,0.03288826615859216,0.0
15,Improved_SAN_FC,True,312.63578256590364,312.63578256590364,311.0726036530741,0.1854805572950431,0.18528055729504309,0.15631789128295182,0.0
16,Improved_SAN_FC,True,343.2236998796877,343.2236998796877,341.50758138028925,0.20736357413777787,0.20716357413777786,0.17161184993984385,0.0
17,Improved_SAN_FC,True,270.2072415044063,270.2072415044063,268.85620529688424,0.15640786951345917,0.15620786951345916,0.13510362075220314,0.0
18,Improved_SAN_FC,True,232.76399731848858,232.76399731848858,231.60017733189613,0.13191076017312042,0.13171076017312042,0.11638199865924428,0.0
19,Improved_SAN_FC,True,338.70442302679714,338.70442302679714,337.01090091166316,0.20407968746892086,0.20387968746892085,0.16935221151339858,0.0
20,Improved_SAN_FC,True,293.5108816637762,293.5108816637762,292.0433272554573,0.1721969254476938,0.1719969254476938,0.1467554408318881,0.0
21,Improved_SAN_FC,True,217.33585667135165,217.33585667135165,216.2491773879949,0.12211632253596301,0.121916322535963,0.10866792833567583,0.0
22,Improved_SAN_FC,True,244.11827440843325,244.11827440843325,242.89768303639107,0.1392288826692973,0.1390288826692973,0.12205913720421663,0.0
23,Improved_SAN_FC,True,276.19799412846584,276.19799412846584,274.81700415782353,0.16042605449331948,0.16022605449331948,0.13809899706423293,0.0
24,Improved_SAN_FC,True,342.39223153363855,342.39223153363855,340.68027037597034,0.2067580519391653,0.2065580519391653,0.17119611576681928,0.0
25,Improved_SAN_FC,True,302.2529746991503,302.2529746991503,300.74170982565454,0.17823180933012647,0.17803180933012647,0.15112648734957515,0.0
26,Improved_SAN_FC,True,302.9642648990042,302.9642648990042,301.4494435745092,0.1787255658632161,0.1785255658632161,0.1514821324495021,0.0
27,Improved_SAN_FC,True,276.9636202054162,276.9636202054162,275.5788021043891,0.16094159748062611,0.1607415974806261,0.1384818101027081,0.0
28,Improved_SAN_FC,True,340.7291090185435,340.7291090185435,339.02546347345077,0.20554869313412877,0.20534869313412876,0.17036455450927177,0.0
29,Improved_SAN_FC,True,253.9704287482818,253.9704287482818,252.70057660454037,0.14565597218391435,0.14545597218391434,0.1269852143741409,0.0
30,Improved_SAN_FC,True,460.7550032606146,460.7550032606146,458.45122824431155,0.29953831471704734,0.29933831471704736,0.23037750163030732,0.0
31,Improved_SAN_FC,True,516.4863126475648,516.4863126475648,513.9038810843269,0.3483506891718109,0.3481506891718109,0.2582431563237824,0.0
32,Improved_SAN_FC,True,411.6112670953174,411.6112670953174,409.5532107598408,0.25933761446960457,0.2591376144696046,0.20580563354765868,0.0
33,Improved_SAN_FC,True,503.1005179720863,503.1005179720863,500.5850153822259,0.3362950578261371,0.33609505782613713,0.25155025898604316,0.0
34,Improved_SAN_FC,True,436.75207654738466,436.75207654738466,434.56831616464774,0.2795875942484969,0.2793875942484969,0.21837603827369234,0.0
35,Improved_SAN_FC,True,503.1549912909484,503.1549912909484,500.63921633449365,0.33634368111825586,0.3361436811182559,0.2515774956454742,0.0
36,Improved_SAN_FC,True,547.450272472505,547.450272472505,544.7130211101426,0.37708917776630296,0.376889177766303,0.27372513623625255,0.0
37,Improved_SAN_FC,True,537.9529908870404,537.9529908870404,535.2632259326052,0.3681450712145176,0.36794507121451764,0.2689764954435202,0.0
38,Improved_SAN_FC,True,592.0240940255312,592.0240940255312,589.0639735554035,0.4206788530211302,0.4204788530211302,0.2960120470127656,0.0
39,Improved_SAN_FC,True,502.1894573722831,502.1894573722831,499.67851008542164,0.33548236254183117,0.3352823625418312,0.2510947286861415,0.0
40,Improved_SAN_FC,True,485.7520512962591,485.7520512962591,483.3232910397778,0.32098765681147723,0.32078765681147725,0.24287602564812955,0.0
41,Improved_SAN_FC,True,545.8545376746417,545.8545376746417,543.1252649862686,0.3755782216544918,0.3753782216544918,0.2729272688373209,0.0
42,Improved_SAN_FC,True,434.86326708067907,434.86326708067907,432.6889507452757,0.2780436272909935,0.27784362729099354,0.21743163354033954,0.0
43,Improved_SAN_FC,True,527.3598663593345,527.3598663593345,524.7230670275379,0.35830504841776506,0.3581050484177651,0.26367993317966726,0.0
44,Improved_SAN_FC,True,409.12380878856374,409.12380878856374,407.07818974462094,0.2573688551558623,0.2571688551558623,0.20456190439428187,0.0
45,Improved_SAN_FC,True,653.3843840662081,653.3843840662081,650.1174621458771,0.4854048174215831,0.4852048174215831,0.32669219203310407,0.0
46,Improved_SAN_FC,True,227.91245670545837,227.91245670545837,226.77289442193108,0.12881241396784462,0.12861241396784462,0.11395622835272919,0.0
47,Improved_SAN_FC,True,536.6171808584338,536.6171808584338,533.9340949541416,0.36689637899207966,0.3666963789920797,0.2683085904292169,0.0
48,Improved_SAN_FC,True,414.85134316863946,414.85134316863946,412.77708645279625,0.26191131734603884,0.26171131734603886,0.20742567158431974,0.0
49,Improved_SAN_FC,True,399.6648650317151,399.6648650317151,397.66654070655653,0.24993823063606962,0.24973823063606962,0.19983243251585756,0.0
50,Improved_SAN_FC,True,312.7148752591129,312.7148752591129,311.15130088281734,0.18553611816623813,0.18533611816623813,0.15635743762955645,0.0
51,Improved_SAN_FC,True,227.79226619214052,227.79226619214052,226.6533048611798,0.12873587186570618,0.12853587186570617,0.11389613309607026,0.0
52,Improved_SAN_FC,True,605.5557750029384,605.5557750029384,602.5279961279236,0.43446317392093203,0.43426317392093206,0.3027778875014692,0.0
53,Improved_SAN_FC,True,686.8643374951693,686.8643374951693,683.4300158076934,0.5232718783350707,0.5230718783350707,0.34343216874758464,0.0
54,Improved_SAN_FC,True,459.6904125369352,459.6904125369352,457.3919604742505,0.29864027218843636,0.2984402721884364,0.2298452062684676,0.0
55,Improved_SAN_FC,True,680.4029014352042,680.4029014352042,677.0008869280282,0.5158141235648485,0.5156141235648485,0.3402014507176021,0.0
56,Improved_SAN_FC,True,172.67584242343537,172.67584242343537,171.8124632113182,0.09469655755246058,0.09449655755246057,0.08633792121171768,0.0
57,Improved_SAN_FC,True,187.2540484001991,187.2540484001991,186.3177781581981,0.10349856107798337,0.10329856107798337,0.09362702420009955,0.0
58,Improved_SAN_FC,True,576.024254834106,576.024254834106,573.1441335599355,0.4047183050270276,0.4045183050270276,0.288012127417053,0.0
59,Improved_SAN_FC,True,311.6977036371827,311.6977036371827,310.1392151189968,0.18482197457687913,0.18462197457687912,0.15584885181859137,0.0
