time,scenario,encryption,load_MBps,throughput_MBps,effective_throughput_MBps,total_delay_s,queue_delay_s,encryption_delay_s,packet_loss,utilization_rho
0,Traditional,No Encryption,64.53863196684338,64.53863196684338,64.53863196684338,1.067635853112864,1.067435853112864,0.0,0.0,0.999
1,Traditional,No Encryption,119.4655646164266,119.4655646164266,119.4655646164266,21.58606311640912,21.58586311640912,0.0,0.0,0.999
2,Traditional,No Encryption,79.19961162741231,79.19961162741231,79.19961162741231,1.7294344986929109,1.729234498692911,0.0,0.0,0.999
3,Traditional,No Encryption,64.56995052279174,64.56995052279174,64.56995052279174,1.0687073251039598,1.0685073251039598,0.0,0.0,0.999
4,Traditional,No Encryption,103.11950944296944,103.11950944296944,103.11950944296944,4.71305180623318,4.7128518062331795,0.0,0.0,0.999
5,Traditional,No Encryption,96.38976371902774,96.38976371902774,96.38976371902774,3.3692656299519435,3.3690656299519435,0.0,0.0,0.999
6,Traditional,No Encryption,133.685633382505,116.878677271875,116.878677271875,999.000199999999,998.9999999999992,0.0,0.0649705818249999,0.999
7,Traditional,No Encryption,51.12252842053705,51.12252842053705,51.12252842053705,0.6921907696834132,0.6919907696834132,0.0,0.0,0.999
8,Traditional,No Encryption,121.98869565606545,121.98869565606545,121.98869565606545,40.510451280903446,40.51025128090345,0.0,0.0,0.999
9,Traditional,No Encryption,139.72029153555894,111.83057112376136,111.83057112376136,999.000199999999,998.9999999999992,0.0,0.1053554310099089,0.999
10,Traditional,No Encryption,121.9121522196406,121.9121522196406,121.9121522196406,39.4814700920935,39.4812700920935,0.0,0.0,0.999
11,Traditional,No Encryption,147.8117209252926,105.7088024020587,105.7088024020587,999.000199999999,998.9999999999992,0.0,0.1543295807835304,0.999
12,Traditional,No Encryption,117.11611070158511,117.11611070158511,117.11611070158511,14.85531861831092,14.85511861831092,0.0,0.0,0.999
13,Traditional,No Encryption,107.47730126286012,107.47730126286012,107.47730126286012,6.133804353709443,6.133604353709442,0.0,0.0,0.999
14,Traditional,No Encryption,82.07099343464002,82.07099343464002,82.07099343464002,1.9119841292154252,1.9117841292154252,0.0,0.0,0.999
15,Traditional,No Encryption,264.20449494980124,59.139796251266446,59.139796251266446,999.000199999999,998.9999999999992,0.0,0.5268816299898684,0.999
16,Traditional,No Encryption,262.97611671832215,59.41604201546631,59.41604201546631,999.000199999999,998.9999999999992,0.0,0.5246716638762695,0.999
17,Traditional,No Encryption,322.5465906312842,48.44261404040559,48.44261404040559,999.000199999999,998.9999999999992,0.0,0.6124590876767553,0.999
18,Traditional,No Encryption,207.56326319814173,75.27825376827035,75.27825376827035,999.000199999999,998.9999999999992,0.0,0.3977739698538373,0.999
19,Traditional,No Encryption,346.2931979688781,45.12072455262099,45.12072455262099,999.000199999999,998.9999999999992,0.0,0.6390342035790321,0.999
20,Traditional,No Encryption,262.3141106291014,59.56599117953264,59.56599117953264,999.000199999999,998.9999999999992,0.0,0.5234720705637389,0.999
21,Traditional,No Encryption,307.3345627942549,50.8403606087746,50.8403606087746,999.000199999999,998.9999999999992,0.0,0.5932771151298032,0.999
22,Traditional,No Encryption,305.1517962463861,51.204024332152514,51.204024332152514,999.000199999999,998.9999999999992,0.0,0.5903678053427799,0.999
23,Traditional,No Encryption,275.5422138623866,56.706374609458415,56.706374609458415,999.000199999999,998.9999999999992,0.0,0.5463490031243327,0.999
24,Traditional,No Encryption,318.62126808178516,49.03941313794942,49.03941313794942,999.000199999999,998.9999999999992,0.0,0.6076846948964046,0.999
25,Traditional,No Encryption,256.6694908540592,60.87595353856952,60.87595353856952,999.000199999999,998.9999999999992,0.0,0.5129923716914438,0.999
26,Traditional,No Encryption,262.66620745492423,59.486144606863384,59.486144606863384,999.000199999999,998.9999999999992,0.0,0.5241108431450929,0.999
27,Traditional,No Encryption,333.76359304935,46.81457272570079,46.81457272570079,999.000199999999,998.9999999999992,0.0,0.6254834181943937,0.999
28,Traditional,No Encryption,276.89901160210763,56.42851489283203,56.42851489283203,999.000199999999,998.9999999999992,0.0,0.5485718808573438,0.999
29,Traditional,No Encryption,260.31948053624365,60.02240004402809,60.02240004402809,999.000199999999,998.9999999999992,0.0,0.5198207996477753,0.999
30,Traditional,No Encryption,599.1760177203357,26.077478967612713,26.077478967612713,999.000199999999,998.9999999999992,0.0,0.7913801682590983,0.999
31,Traditional,No Encryption,512.5199256822353,30.486619577182196,30.486619577182196,999.000199999999,998.9999999999992,0.0,0.7561070433825424,0.999
32,Traditional,No Encryption,461.9071131420546,33.82714739704539,33.82714739704539,999.000199999999,998.9999999999992,0.0,0.7293828208236369,0.999
33,Traditional,No Encryption,570.1674861736524,27.404228369558748,27.404228369558748,999.000199999999,998.9999999999992,0.0,0.78076617304353,0.999
34,Traditional,No Encryption,576.0496292822893,27.12439902004185,27.12439902004185,999.000199999999,998.9999999999992,0.0,0.7830048078396652,0.999
35,Traditional,No Encryption,460.1528282723975,33.95610988345472,33.95610988345472,999.000199999999,998.9999999999992,0.0,0.7283511209323622,0.999
36,Traditional,No Encryption,446.6155126000941,34.98534994683637,34.98534994683637,999.000199999999,998.9999999999992,0.0,0.720117200425309,0.999
37,Traditional,No Encryption,405.5417699018609,38.5287069289587,38.5287069289587,999.000199999999,998.9999999999992,0.0,0.6917703445683304,0.999
38,Traditional,No Encryption,483.4097469291383,32.322476117326666,32.322476117326666,999.000199999999,998.9999999999992,0.0,0.7414201910613867,0.999
39,Traditional,No Encryption,433.2769287165409,36.06238635019085,36.06238635019085,999.000199999999,998.9999999999992,0.0,0.7115009091984732,0.999
40,Traditional,No Encryption,500.35988542165,31.227523339191972,31.227523339191972,999.000199999999,998.9999999999992,0.0,0.7501798132864642,0.999
41,Traditional,No Encryption,529.3967882117554,29.514723828944156,29.514723828944156,999.000199999999,998.9999999999992,0.0,0.7638822093684468,0.999
42,Traditional,No Encryption,443.668286330332,35.217752725211575,35.217752725211575,999.000199999999,998.9999999999992,0.0,0.7182579781983074,0.999
43,Traditional,No Encryption,517.2261541851742,30.209222549109597,30.209222549109597,999.000199999999,998.9999999999992,0.0,0.7583262196071232,0.999
44,Traditional,No Encryption,564.6340059362698,27.67279305838266,27.67279305838266,999.000199999999,998.9999999999992,0.0,0.7786176555329387,0.999
45,Traditional,No Encryption,642.7715387146462,24.30879256297719,24.30879256297719,999.000199999999,998.9999999999992,0.0,0.8055296594961825,0.999
46,Traditional,No Encryption,158.48252133077557,98.591313848348,98.591313848348,999.000199999999,998.9999999999992,0.0,0.211269489213216,0.999
47,Traditional,No Encryption,445.8613623956123,35.044525760310115,35.044525760310115,999.000199999999,998.9999999999992,0.0,0.7196437939175191,0.999
48,Traditional,No Encryption,219.2621164558697,71.26174029768978,71.26174029768978,999.000199999999,998.9999999999992,0.0,0.4299060776184817,0.999
49,Traditional,No Encryption,163.76092925320083,95.41347909574468,95.41347909574468,999.000199999999,998.9999999999992,0.0,0.2366921672340426,0.999
50,Traditional,No Encryption,331.60424803869535,47.119420491189544,47.119420491189544,999.000199999999,998.9999999999992,0.0,0.6230446360704837,0.999
51,Traditional,No Encryption,446.41054201902466,35.001413562796444,35.001413562796444,999.000199999999,998.9999999999992,0.0,0.7199886914976285,0.999
52,Traditional,No Encryption,262.7872710336519,59.45873990981511,59.45873990981511,999.000199999999,998.9999999999992,0.0,0.5243300807214791,0.999
53,Traditional,No Encryption,606.0699688744468,25.780851720829723,25.780851720829723,999.000199999999,998.9999999999992,0.0,0.7937531862333622,0.999
54,Traditional,No Encryption,138.45942624267946,112.84894372315163,112.84894372315163,999.000199999999,998.9999999999992,0.0,0.0972084502147868,0.999
55,Traditional,No Encryption,139.4468107143311,112.04989142425904,112.04989142425904,999.000199999999,998.9999999999992,0.0,0.1036008686059277,0.999
56,Traditional,No Encryption,114.95994156774844,114.95994156774844,114.95994156774844,11.450326744129695,11.450126744129696,0.0,0.0,0.999
57,Traditional,No Encryption,556.0574456596701,28.099614746572673,28.099614746572673,999.000199999999,998.9999999999992,0.0,0.7752030820274186,0.999
58,Traditional,No Encryption,307.8446739284865,50.756116065304255,50.756116065304255,999.000199999999,998.9999999999992,0.0,0.593951071477566,0.999
59,Traditional,No Encryption,262.9065178167407,59.431771147231224,59.431771147231224,999.000199999999,998.9999999999992,0.0,0.5245458308221502,0.999
0,Traditional,AES-256,136.52171475355408,114.4506573786148,113.76804880484704,999.000199999999,998.9999999999992,0.068260857376777,0.0843947409710815,0.999
1,Traditional,AES-256,103.0539369867801,103.0539369867801,102.5386673018462,4.695982424606288,4.695782424606287,0.05152696849339,0.0,0.999
2,Traditional,AES-256,140.50448099671377,111.2064176826179,110.50389527763431,999.000199999999,998.9999999999992,0.0702522404983568,0.1103486585390568,0.999
3,Traditional,AES-256,77.39770846177478,77.39770846177478,77.01071991946591,1.6261240040917668,1.6259240040917669,0.0386988542308873,0.0,0.999
4,Traditional,AES-256,120.57249542190394,120.57249542190394,119.9696329447944,27.23280773538337,27.23260773538337,0.0602862477109519,0.0,0.999
5,Traditional,AES-256,109.56989980080182,109.56989980080182,109.0220503017978,7.1012491433163625,7.101049143316362,0.0547849499004009,0.0,0.999
6,Traditional,AES-256,141.06817077329828,110.76205152691706,110.05671067305056,999.000199999999,998.9999999999992,0.0705340853866491,0.1139035877846634,0.999
7,Traditional,AES-256,87.58311023842089,87.58311023842089,87.14519468722878,2.340937319336309,2.3407373193363092,0.0437915551192104,0.0,0.999
8,Traditional,AES-256,92.08347862281218,92.08347862281218,91.62306122969812,2.797685115988863,2.797485115988863,0.046041739311406,0.0,0.999
9,Traditional,AES-256,62.339529697352845,62.339529697352845,62.02783204886608,0.9950781009184232,0.9948781009184232,0.0311697648486764,0.0,0.999
10,Traditional,AES-256,117.49399983249133,117.49399983249133,116.90652983332888,15.653543619826872,15.653343619826874,0.0587469999162456,0.0,0.999
11,Traditional,AES-256,131.60594837306368,118.7256365928672,118.06760685100188,999.000199999999,998.9999999999992,0.0658029741865318,0.0501949072570624,0.999
12,Traditional,AES-256,74.09534609570699,74.09534609570699,73.72486936522846,1.4557711592699427,1.4555711592699427,0.0370476730478534,0.0,0.999
13,Traditional,AES-256,104.00329615742316,104.00329615742316,103.48327967663604,4.953515384033117,4.953315384033116,0.0520016480787115,0.0,0.999
14,Traditional,AES-256,76.95661077233473,76.95661077233473,76.57182771847306,1.602014776381765,1.601814776381765,0.0384783053861673,0.0,0.999
15,Traditional,AES-256,270.55810265579805,57.75099635392553,56.39820584064654,999.000199999999,998.9999999999992,0.135279051327899,0.5379920291685958,0.999
16,Traditional,AES-256,256.9696401981906,60.804848339084145,59.520000138093195,999.000199999999,998.9999999999992,0.1284848200990953,0.5135612132873268,0.999
17,Traditional,AES-256,248.78380218812092,62.80553582095737,61.561616810016766,999.000199999999,998.9999999999992,0.1243919010940604,0.497555713432341,0.999
18,Traditional,AES-256,209.86981075033825,74.45091766241477,73.40156860866307,999.000199999999,998.9999999999992,0.1049349053751691,0.4043926587006818,0.999
19,Traditional,AES-256,268.65261442625535,58.1606102489244,56.81734717679312,999.000199999999,998.9999999999992,0.1343263072131277,0.5347151180086048,0.999
20,Traditional,AES-256,254.87210734730547,61.30525683105978,60.03089629432325,999.000199999999,998.9999999999992,0.1274360536736527,0.5095579453515218,0.999
21,Traditional,AES-256,314.56342919207987,49.67201699234722,48.09919984638682,999.000199999999,998.9999999999992,0.1572817145960399,0.6026238640612223,0.999
22,Traditional,AES-256,204.5478106979836,76.38800897786402,75.3652699243741,999.000199999999,998.9999999999992,0.1022739053489918,0.3888959281770879,0.999
23,Traditional,AES-256,248.58487276200455,62.85579579478029,61.612871430970266,999.000199999999,998.9999999999992,0.1242924363810022,0.4971536336417576,0.999
24,Traditional,AES-256,348.7401296199006,44.80413543755353,43.06043478945403,999.000199999999,998.9999999999992,0.1743700648099503,0.6415669164995718,0.999
25,Traditional,AES-256,307.6496067492372,50.788298301761905,49.25005026801572,999.000199999999,998.9999999999992,0.1538248033746186,0.5936936135859048,0.999
26,Traditional,AES-256,264.43772310551174,59.08763627406352,57.76544765853596,999.000199999999,998.9999999999992,0.1322188615527558,0.5272989098074918,0.999
27,Traditional,AES-256,334.73466334129984,46.67876294624601,45.00508962953951,999.000199999999,998.9999999999992,0.1673673316706499,0.6265698964300319,0.999
28,Traditional,AES-256,219.3317346780512,71.23912106442485,70.1424623910346,999.000199999999,998.9999999999992,0.1096658673390256,0.4300870314846011,0.999
29,Traditional,AES-256,328.25045309069765,47.6008482330494,45.95959596759591,999.000199999999,998.9999999999992,0.1641252265453488,0.6191932141356048,0.999
30,Traditional,AES-256,594.3658260442714,26.28852352429187,23.31669439407051,999.000199999999,998.9999999999992,0.2971829130221357,0.7896918118056651,0.999
31,Traditional,AES-256,576.6595568855763,27.095709788263143,24.21241200383526,999.000199999999,998.9999999999992,0.2883297784427882,0.7832343216938948,0.999
32,Traditional,AES-256,405.82280978954367,38.50202507863713,36.47291102968941,999.000199999999,998.9999999999992,0.2029114048947718,0.6919837993709029,0.999
33,Traditional,AES-256,473.1492617014668,33.023405645423125,30.657659336915792,999.000199999999,998.9999999999992,0.2365746308507334,0.735812754836615,0.999
34,Traditional,AES-256,452.00856149253946,34.56792930736975,32.307886499907056,999.000199999999,998.9999999999992,0.2260042807462697,0.723456565541042,0.999
35,Traditional,AES-256,588.6704367762005,26.54286511408467,23.599512930203662,999.000199999999,998.9999999999992,0.2943352183881003,0.7876570790873226,0.999
36,Traditional,AES-256,476.4982897469063,32.791303423773606,30.408811975039075,999.000199999999,998.9999999999992,0.2382491448734531,0.7376695726098111,0.999
37,Traditional,AES-256,506.1251306091465,30.871812235829008,28.341186582783276,999.000199999999,998.9999999999992,0.2530625653045733,0.7530255021133679,0.999
38,Traditional,AES-256,534.0334330723958,29.25846778937867,26.588300624016693,999.000199999999,998.9999999999992,0.2670167165361979,0.7659322576849706,0.999
39,Traditional,AES-256,585.9344901537179,26.66680364881889,23.737131198050303,999.000199999999,998.9999999999992,0.2929672450768589,0.7866655708094489,0.999
40,Traditional,AES-256,588.1121314193089,26.568062730302323,23.62750207320578,999.000199999999,998.9999999999992,0.2940560657096544,0.7874554981575814,0.999
41,Traditional,AES-256,414.2485391834038,37.71890187181133,35.64765917589431,999.000199999999,998.9999999999992,0.2071242695917019,0.6982487850255094,0.999
42,Traditional,AES-256,482.29429642427226,32.397231557253896,29.985760075132536,999.000199999999,998.9999999999992,0.2411471482121361,0.7408221475419688,0.999
43,Traditional,AES-256,568.1483517532733,27.501619870553423,24.66087811178706,999.000199999999,998.9999999999992,0.2840741758766367,0.7799870410355726,0.999
44,Traditional,AES-256,409.2701533739756,38.17771677506732,36.13136600819744,999.000199999999,998.9999999999992,0.2046350766869878,0.6945782657994615,0.999
45,Traditional,AES-256,535.3812660427768,29.184809015621344,26.50790268540746,999.000199999999,998.9999999999992,0.2676906330213884,0.7665215278750293,0.999
46,Traditional,AES-256,409.4747570383195,38.158640383631216,36.11126659843962,999.000199999999,998.9999999999992,0.2047373785191597,0.6947308769309503,0.999
47,Traditional,AES-256,121.7620200269266,121.7620200269266,121.15320992679196,37.604515356945655,37.604315356945655,0.0608810100134633,0.0,0.999
48,Traditional,AES-256,101.69247813743809,101.69247813743809,101.18401574675087,4.363275522875868,4.363075522875867,0.050846239068719,0.0,0.999
49,Traditional,AES-256,475.17927975412016,32.882326030893225,30.506429632122625,999.000199999999,998.9999999999992,0.23758963987706,0.7369413917528542,0.999
50,Traditional,AES-256,513.5062322031407,30.4280630304382,27.860531869422495,999.000199999999,998.9999999999992,0.2567531161015703,0.7565754957564944,0.999
51,Traditional,AES-256,247.8691315592789,63.0372967448882,61.79795108709181,999.000199999999,998.9999999999992,0.1239345657796394,0.4957016260408943,0.999
52,Traditional,AES-256,359.3034602405062,43.48691768662936,41.69040038542683,999.000199999999,998.9999999999992,0.1796517301202531,0.6521046585069651,0.999
53,Traditional,AES-256,642.1199108885703,24.33346129756046,21.12286174311761,999.000199999999,998.9999999999992,0.3210599554442851,0.8053323096195163,0.999
54,Traditional,AES-256,308.02630965182703,50.72618640161448,49.18605485335535,999.000199999999,998.9999999999992,0.1540131548259135,0.5941905087870841,0.999
55,Traditional,AES-256,389.56947313771457,40.10837880635603,38.16053144066746,999.000199999999,998.9999999999992,0.1947847365688572,0.6791329695491517,0.999
56,Traditional,AES-256,144.73541716368868,107.9556082830016,107.23193119718316,999.000199999999,998.9999999999992,0.0723677085818443,0.1363551337359873,0.999
57,Traditional,AES-256,683.3178766300725,22.86637088591624,19.449781502765877,999.000199999999,998.9999999999992,0.3416589383150363,0.8170690329126701,0.999
58,Traditional,AES-256,566.9532660510263,27.55959077338438,24.724824443129247,999.000199999999,998.9999999999992,0.2834766330255131,0.779523273812925,0.999
59,Traditional,AES-256,513.5989943179677,30.42256735870204,27.8545723871122,999.000199999999,998.9999999999992,0.2567994971589838,0.7566194611303837,0.999
0,Improved_SAN_FC,No Encryption,82.80398952250455,82.80398952250455,82.80398952250455,0.0433901532602717,0.0431901532602717,0.0,0.0,0.999
1,Improved_SAN_FC,No Encryption,111.76723353865754,111.76723353865754,111.76723353865754,0.0593914490225248,0.0591914490225248,0.0,0.0,0.999
2,Improved_SAN_FC,No Encryption,64.64878794625321,64.64878794625321,64.64878794625321,0.0336041633082449,0.0334041633082449,0.0,0.0,0.999
3,Improved_SAN_FC,No Encryption,107.75631998114328,107.75631998114328,107.75631998114328,0.0571463230972817,0.0569463230972817,0.0,0.0,0.999
4,Improved_SAN_FC,No Encryption,91.59075309690756,91.59075309690756,91.59075309690756,0.0481932452882096,0.0479932452882096,0.0,0.0,0.999
5,Improved_SAN_FC,No Encryption,55.33354409012603,55.33354409012603,55.33354409012603,0.0286540024444636,0.0284540024444636,0.0,0.0,0.999
6,Improved_SAN_FC,No Encryption,94.38864856004818,94.38864856004818,94.38864856004818,0.0497319512495161,0.0495319512495161,0.0,0.0,0.999
7,Improved_SAN_FC,No Encryption,61.67169985579479,61.67169985579479,61.67169985579479,0.0320169527067249,0.0318169527067249,0.0,0.0,0.999
8,Improved_SAN_FC,No Encryption,102.35010135836812,102.35010135836812,102.35010135836812,0.0541351865861199,0.0539351865861199,0.0,0.0,0.999
9,Improved_SAN_FC,No Encryption,139.3142348376179,139.3142348376179,139.3142348376179,0.0750725214359126,0.0748725214359126,0.0,0.0,0.999
10,Improved_SAN_FC,No Encryption,56.8872108278633,56.8872108278633,56.8872108278633,0.0294763297863425,0.0292763297863425,0.0,0.0,0.999
11,Improved_SAN_FC,No Encryption,88.90693512915087,88.90693512915087,88.90693512915087,0.0467215100004348,0.0465215100004348,0.0,0.0,0.999
12,Improved_SAN_FC,No Encryption,142.58131978695562,142.58131978695562,142.58131978695562,0.0769631559356351,0.0767631559356351,0.0,0.0,0.999
13,Improved_SAN_FC,No Encryption,70.6805701060211,70.6805701060211,70.6805701060211,0.0368349755311929,0.0366349755311929,0.0,0.0,0.999
14,Improved_SAN_FC,No Encryption,110.33314409401618,110.33314409401618,110.33314409401618,0.0585876167109455,0.0583876167109455,0.0,0.0,0.999
15,Improved_SAN_FC,No Encryption,312.37246744374755,312.37246744374755,312.37246744374755,0.1852956217635276,0.1850956217635276,0.0,0.0,0.999
16,Improved_SAN_FC,No Encryption,208.1900883937167,208.1900883937167,208.1900883937167,0.1163898296494425,0.1161898296494425,0.0,0.0,0.999
17,Improved_SAN_FC,No Encryption,233.62478339005617,233.62478339005617,233.62478339005617,0.1324622629626975,0.1322622629626975,0.0,0.0,0.999
18,Improved_SAN_FC,No Encryption,329.28767617366816,329.28767617366816,329.28767617366816,0.1972941804149265,0.1970941804149265,0.0,0.0,0.999
19,Improved_SAN_FC,No Encryption,219.9564393208809,219.9564393208809,219.9564393208809,0.1237680093339757,0.1235680093339757,0.0,0.0,0.999
20,Improved_SAN_FC,No Encryption,206.16552246157949,206.16552246157949,206.16552246157949,0.1151300702172304,0.1149300702172304,0.0,0.0,0.999
21,Improved_SAN_FC,No Encryption,291.7780390615702,291.7780390615702,291.7780390615702,0.171008036504389,0.170808036504389,0.0,0.0,0.999
22,Improved_SAN_FC,No Encryption,213.34831761167067,213.34831761167067,213.34831761167067,0.1196123732760683,0.1194123732760683,0.0,0.0,0.999
23,Improved_SAN_FC,No Encryption,315.6636914042782,315.6636914042782,315.6636914042782,0.1876113202887942,0.1874113202887942,0.0,0.0,0.999
24,Improved_SAN_FC,No Encryption,243.29669986945495,243.29669986945495,243.29669986945495,0.1386961819399866,0.1384961819399866,0.0,0.0,0.999
25,Improved_SAN_FC,No Encryption,260.433640961468,260.433640961468,260.433640961468,0.1499118173206172,0.1497118173206172,0.0,0.0,0.999
26,Improved_SAN_FC,No Encryption,221.34764283999908,221.34764283999908,221.34764283999908,0.1246468273684622,0.1244468273684622,0.0,0.0,0.999
27,Improved_SAN_FC,No Encryption,269.8603960987988,269.8603960987988,269.8603960987988,0.1561760816354384,0.1559760816354384,0.0,0.0,0.999
28,Improved_SAN_FC,No Encryption,255.6568510920343,255.6568510920343,255.6568510920343,0.1467633933621871,0.1465633933621871,0.0,0.0,0.999
29,Improved_SAN_FC,No Encryption,269.9524484340691,269.9524484340691,269.9524484340691,0.1562375887875018,0.1560375887875018,0.0,0.0,0.999
30,Improved_SAN_FC,No Encryption,433.60463669759565,433.60463669759565,433.60463669759565,0.2770168540689717,0.2768168540689717,0.0,0.0,0.999
31,Improved_SAN_FC,No Encryption,537.4461117952612,537.4461117952612,537.4461117952612,0.3676709808162813,0.3674709808162813,0.0,0.0,0.999
32,Improved_SAN_FC,No Encryption,548.5919245864447,548.5919245864447,548.5919245864447,0.3781722146234665,0.3779722146234665,0.0,0.0,0.999
33,Improved_SAN_FC,No Encryption,565.5850398736403,565.5850398736403,565.5850398736403,0.3944966683949092,0.3942966683949093,0.0,0.0,0.999
34,Improved_SAN_FC,No Encryption,502.7924726522333,502.7924726522333,502.7924726522333,0.3360201608449742,0.3358201608449743,0.0,0.0,0.999
35,Improved_SAN_FC,No Encryption,516.3658988463003,516.3658988463003,516.3658988463003,0.3482412713921614,0.3480412713921614,0.0,0.0,0.999
36,Improved_SAN_FC,No Encryption,570.1806157173633,570.1806157173633,570.1806157173633,0.3989780708424455,0.3987780708424455,0.0,0.0,0.999
37,Improved_SAN_FC,No Encryption,594.3472322696525,594.3472322696525,594.3472322696525,0.4230264945042733,0.4228264945042733,0.0,0.0,0.999
38,Improved_SAN_FC,No Encryption,543.4259003786801,543.4259003786801,543.4259003786801,0.3732849673353109,0.3730849673353109,0.0,0.0,0.999
39,Improved_SAN_FC,No Encryption,529.0785817678241,529.0785817678241,529.0785817678241,0.3598919422138105,0.3596919422138105,0.0,0.0,0.999
40,Improved_SAN_FC,No Encryption,430.8472277378232,430.8472277378232,430.8472277378232,0.2747731552426792,0.2745731552426793,0.0,0.0,0.999
41,Improved_SAN_FC,No Encryption,425.1827479950646,425.1827479950646,425.1827479950646,0.2701886272224633,0.2699886272224633,0.0,0.0,0.999
42,Improved_SAN_FC,No Encryption,555.8924882400228,555.8924882400228,555.8924882400228,0.3851384368637068,0.3849384368637068,0.0,0.0,0.999
43,Improved_SAN_FC,No Encryption,551.6972246991576,551.6972246991576,551.6972246991576,0.3811267192659757,0.3809267192659757,0.0,0.0,0.999
44,Improved_SAN_FC,No Encryption,466.3538275523042,466.3538275523042,466.3538275523042,0.3042817601415876,0.3040817601415876,0.0,0.0,0.999
45,Improved_SAN_FC,No Encryption,298.34848560205194,298.34848560205194,298.34848560205194,0.1755287809387981,0.1753287809387981,0.0,0.0,0.999
46,Improved_SAN_FC,No Encryption,210.26661052478028,210.26661052478028,210.26661052478028,0.1176848788994398,0.1174848788994398,0.0,0.0,0.999
47,Improved_SAN_FC,No Encryption,322.9091028372201,322.9091028372201,322.9091028372201,0.1927412053595317,0.1925412053595317,0.0,0.0,0.999
48,Improved_SAN_FC,No Encryption,444.49189627476306,444.49189627476306,444.49189627476306,0.2859535073010957,0.2857535073010957,0.0,0.0,0.999
49,Improved_SAN_FC,No Encryption,159.67000143353346,159.67000143353346,159.67000143353346,0.0869616142528292,0.0867616142528291,0.0,0.0,0.999
50,Improved_SAN_FC,No Encryption,584.6592943589061,584.6592943589061,584.6592943589061,0.4132873167348622,0.4130873167348622,0.0,0.0,0.999
51,Improved_SAN_FC,No Encryption,110.70044484916072,110.70044484916072,110.70044484916072,0.0587933789839497,0.0585933789839497,0.0,0.0,0.999
52,Improved_SAN_FC,No Encryption,627.1944365533284,627.1944365533284,627.1944365533284,0.4570705527231734,0.4568705527231734,0.0,0.0,0.999
53,Improved_SAN_FC,No Encryption,597.86447392094,597.86447392094,597.86447392094,0.4265956392238428,0.4263956392238429,0.0,0.0,0.999
54,Improved_SAN_FC,No Encryption,548.3463711308307,548.3463711308307,548.3463711308307,0.3779391246960127,0.3777391246960127,0.0,0.0,0.999
55,Improved_SAN_FC,No Encryption,106.23825204532416,106.23825204532416,106.23825204532416,0.0562990590078529,0.0560990590078529,0.0,0.0,0.999
56,Improved_SAN_FC,No Encryption,296.38691894393827,296.38691894393827,296.38691894393827,0.1741754890589413,0.1739754890589413,0.0,0.0,0.999
57,Improved_SAN_FC,No Encryption,558.7867385881489,558.7867385881489,558.7867385881489,0.3879196758797142,0.3877196758797143,0.0,0.0,0.999
58,Improved_SAN_FC,No Encryption,187.43437816478408,187.43437816478408,187.43437816478408,0.103608326797574,0.103408326797574,0.0,0.0,0.999
59,Improved_SAN_FC,No Encryption,439.34529046651295,439.34529046651295,439.34529046651295,0.2817134493124636,0.2815134493124636,0.0,0.0,0.999
0,Improved_SAN_FC,AES-256,139.4583529256479,139.4583529256479,138.76106116101963,0.0751557813687977,0.0749557813687977,0.0697291764628239,0.0,0.999
1,Improved_SAN_FC,AES-256,148.35823608324074,148.35823608324074,147.61644490282453,0.0803225371852815,0.0801225371852814,0.0741791180416203,0.0,0.999
2,Improved_SAN_FC,AES-256,72.605871876297,72.605871876297,72.24284251691552,0.0378704851472065,0.0376704851472065,0.0363029359381485,0.0,0.999
3,Improved_SAN_FC,AES-256,71.20503383465311,71.20503383465311,70.84900866547984,0.0371168496826888,0.0369168496826888,0.0356025169173265,0.0,0.999
4,Improved_SAN_FC,AES-256,147.63149055087288,147.63149055087288,146.89333309811852,0.0798987693311504,0.0796987693311504,0.0738157452754364,0.0,0.999
5,Improved_SAN_FC,AES-256,90.50578655652356,90.50578655652356,90.05325762374095,0.0475977799562484,0.0473977799562484,0.0452528932782617,0.0,0.999
6,Improved_SAN_FC,AES-256,131.6811574071195,131.6811574071195,131.0227516200839,0.0706810947709388,0.0704810947709388,0.0658405787035597,0.0,0.999
7,Improved_SAN_FC,AES-256,94.62706399804978,94.62706399804978,94.15392867805951,0.0498632770467528,0.0496632770467528,0.0473135319990248,0.0,0.999
8,Improved_SAN_FC,AES-256,132.6304387693118,132.6304387693118,131.96728657546524,0.0712252761547113,0.0710252761547113,0.0663152193846559,0.0,0.999
9,Improved_SAN_FC,AES-256,63.83656649061625,63.83656649061625,63.51738365816317,0.0331706497838922,0.0329706497838922,0.0319182832453081,0.0,0.999
10,Improved_SAN_FC,AES-256,115.15097661428037,115.15097661428037,114.57522173120896,0.0612929444138909,0.0610929444138909,0.0575754883071401,0.0,0.999
11,Improved_SAN_FC,AES-256,135.61000964970992,135.61000964970992,134.9319596014614,0.0729369329118908,0.0727369329118908,0.0678050048248549,0.0,0.999
12,Improved_SAN_FC,AES-256,139.73313811793892,139.73313811793892,139.0344724273492,0.0753145660771319,0.0751145660771319,0.0698665690589694,0.0,0.999
13,Improved_SAN_FC,AES-256,67.37985181312267,67.37985181312267,67.04295255405705,0.0350645086186938,0.0348645086186938,0.0336899259065613,0.0,0.999
14,Improved_SAN_FC,AES-256,65.77653231718432,65.77653231718432,65.4476496555984,0.0342066871363028,0.0340066871363028,0.0328882661585921,0.0,0.999
15,Improved_SAN_FC,AES-256,312.63578256590364,312.63578256590364,311.0726036530741,0.1854805572950431,0.185280557295043,0.1563178912829518,0.0,0.999
16,Improved_SAN_FC,AES-256,343.2236998796877,343.2236998796877,341.50758138028925,0.2073635741377778,0.2071635741377778,0.1716118499398438,0.0,0.999
17,Improved_SAN_FC,AES-256,270.2072415044063,270.2072415044063,268.85620529688424,0.1564078695134591,0.1562078695134591,0.1351036207522031,0.0,0.999
18,Improved_SAN_FC,AES-256,232.76399731848855,232.76399731848855,231.60017733189613,0.1319107601731204,0.1317107601731204,0.1163819986592442,0.0,0.999
19,Improved_SAN_FC,AES-256,338.70442302679714,338.70442302679714,337.01090091166316,0.2040796874689208,0.2038796874689208,0.1693522115133985,0.0,0.999
20,Improved_SAN_FC,AES-256,293.5108816637762,293.5108816637762,292.0433272554573,0.1721969254476938,0.1719969254476938,0.1467554408318881,0.0,0.999
21,Improved_SAN_FC,AES-256,217.33585667135165,217.33585667135165,216.2491773879949,0.122116322535963,0.121916322535963,0.1086679283356758,0.0,0.999
22,Improved_SAN_FC,AES-256,244.11827440843325,244.11827440843325,242.89768303639107,0.1392288826692973,0.1390288826692973,0.1220591372042166,0.0,0.999
23,Improved_SAN_FC,AES-256,276.19799412846584,276.19799412846584,274.81700415782353,0.1604260544933194,0.1602260544933194,0.1380989970642329,0.0,0.999
24,Improved_SAN_FC,AES-256,342.39223153363855,342.39223153363855,340.68027037597034,0.2067580519391653,0.2065580519391653,0.1711961157668192,0.0,0.999
25,Improved_SAN_FC,AES-256,302.2529746991503,302.2529746991503,300.74170982565454,0.1782318093301264,0.1780318093301264,0.1511264873495751,0.0,0.999
26,Improved_SAN_FC,AES-256,302.9642648990042,302.9642648990042,301.4494435745092,0.1787255658632161,0.1785255658632161,0.1514821324495021,0.0,0.999
27,Improved_SAN_FC,AES-256,276.9636202054162,276.9636202054162,275.5788021043891,0.1609415974806261,0.1607415974806261,0.1384818101027081,0.0,0.999
28,Improved_SAN_FC,AES-256,340.7291090185435,340.7291090185435,339.02546347345077,0.2055486931341287,0.2053486931341287,0.1703645545092717,0.0,0.999
29,Improved_SAN_FC,AES-256,253.9704287482818,253.9704287482818,252.70057660454037,0.1456559721839143,0.1454559721839143,0.1269852143741409,0.0,0.999
30,Improved_SAN_FC,AES-256,460.7550032606146,460.7550032606146,458.4512282443115,0.2995383147170473,0.2993383147170473,0.2303775016303073,0.0,0.999
31,Improved_SAN_FC,AES-256,516.4863126475648,516.4863126475648,513.9038810843269,0.3483506891718109,0.3481506891718109,0.2582431563237824,0.0,0.999
32,Improved_SAN_FC,AES-256,411.6112670953174,411.6112670953174,409.5532107598408,0.2593376144696045,0.2591376144696046,0.2058056335476586,0.0,0.999
33,Improved_SAN_FC,AES-256,503.1005179720863,503.1005179720863,500.5850153822259,0.3362950578261371,0.3360950578261371,0.2515502589860431,0.0,0.999
34,Improved_SAN_FC,AES-256,436.75207654738466,436.75207654738466,434.56831616464774,0.2795875942484969,0.2793875942484969,0.2183760382736923,0.0,0.999
35,Improved_SAN_FC,AES-256,503.1549912909484,503.1549912909484,500.63921633449365,0.3363436811182558,0.3361436811182559,0.2515774956454742,0.0,0.999
36,Improved_SAN_FC,AES-256,547.450272472505,547.450272472505,544.7130211101426,0.3770891777663029,0.376889177766303,0.2737251362362525,0.0,0.999
37,Improved_SAN_FC,AES-256,537.9529908870404,537.9529908870404,535.2632259326052,0.3681450712145176,0.3679450712145176,0.2689764954435202,0.0,0.999
38,Improved_SAN_FC,AES-256,592.0240940255312,592.0240940255312,589.0639735554035,0.4206788530211302,0.4204788530211302,0.2960120470127656,0.0,0.999
39,Improved_SAN_FC,AES-256,502.1894573722831,502.1894573722831,499.6785100854216,0.3354823625418311,0.3352823625418312,0.2510947286861415,0.0,0.999
40,Improved_SAN_FC,AES-256,485.7520512962591,485.7520512962591,483.3232910397778,0.3209876568114772,0.3207876568114772,0.2428760256481295,0.0,0.999
41,Improved_SAN_FC,AES-256,545.8545376746417,545.8545376746417,543.1252649862686,0.3755782216544918,0.3753782216544918,0.2729272688373209,0.0,0.999
42,Improved_SAN_FC,AES-256,434.86326708067907,434.86326708067907,432.6889507452757,0.2780436272909935,0.2778436272909935,0.2174316335403395,0.0,0.999
43,Improved_SAN_FC,AES-256,527.3598663593345,527.3598663593345,524.7230670275379,0.358305048417765,0.3581050484177651,0.2636799331796672,0.0,0.999
44,Improved_SAN_FC,AES-256,409.12380878856374,409.12380878856374,407.07818974462094,0.2573688551558623,0.2571688551558623,0.2045619043942818,0.0,0.999
45,Improved_SAN_FC,AES-256,653.3843840662081,653.3843840662081,650.1174621458771,0.4854048174215831,0.4852048174215831,0.326692192033104,0.0,0.999
46,Improved_SAN_FC,AES-256,227.91245670545837,227.91245670545837,226.77289442193108,0.1288124139678446,0.1286124139678446,0.1139562283527291,0.0,0.999
47,Improved_SAN_FC,AES-256,536.6171808584338,536.6171808584338,533.9340949541416,0.3668963789920796,0.3666963789920797,0.2683085904292169,0.0,0.999
48,Improved_SAN_FC,AES-256,414.85134316863946,414.85134316863946,412.77708645279625,0.2619113173460388,0.2617113173460388,0.2074256715843197,0.0,0.999
49,Improved_SAN_FC,AES-256,399.6648650317151,399.6648650317151,397.66654070655653,0.2499382306360696,0.2497382306360696,0.1998324325158575,0.0,0.999
50,Improved_SAN_FC,AES-256,312.7148752591129,312.7148752591129,311.15130088281734,0.1855361181662381,0.1853361181662381,0.1563574376295564,0.0,0.999
51,Improved_SAN_FC,AES-256,227.79226619214052,227.79226619214052,226.6533048611798,0.1287358718657061,0.1285358718657061,0.1138961330960702,0.0,0.999
52,Improved_SAN_FC,AES-256,605.5557750029384,605.5557750029384,602.5279961279236,0.434463173920932,0.434263173920932,0.3027778875014692,0.0,0.999
53,Improved_SAN_FC,AES-256,686.8643374951693,686.8643374951693,683.4300158076934,0.5232718783350707,0.5230718783350707,0.3434321687475846,0.0,0.999
54,Improved_SAN_FC,AES-256,459.6904125369352,459.6904125369352,457.3919604742505,0.2986402721884363,0.2984402721884364,0.2298452062684676,0.0,0.999
55,Improved_SAN_FC,AES-256,680.4029014352042,680.4029014352042,677.0008869280282,0.5158141235648485,0.5156141235648485,0.3402014507176021,0.0,0.999
56,Improved_SAN_FC,AES-256,172.67584242343537,172.67584242343537,171.8124632113182,0.0946965575524605,0.0944965575524605,0.0863379212117176,0.0,0.999
57,Improved_SAN_FC,AES-256,187.2540484001991,187.2540484001991,186.3177781581981,0.1034985610779833,0.1032985610779833,0.0936270242000995,0.0,0.999
58,Improved_SAN_FC,AES-256,576.024254834106,576.024254834106,573.1441335599355,0.4047183050270276,0.4045183050270276,0.288012127417053,0.0,0.999
59,Improved_SAN_FC,AES-256,311.6977036371827,311.6977036371827,310.1392151189968,0.1848219745768791,0.1846219745768791,0.1558488518185913,0.0,0.999
